,precision,recall,f1-score,support
sadness,0.625,1.0,0.7692307692307693,20.0
surprise,1.0,0.4,0.5714285714285715,20.0
accuracy,0.7,0.7,0.7,0.7
macro avg,0.8125,0.7,0.6703296703296704,40.0
weighted avg,0.8125,0.7,0.6703296703296704,40.0
