,precision,recall,f1-score,support
love,0.8571428571428571,0.3333333333333333,0.48,18.0
sadness,0.6363636363636364,0.9545454545454546,0.7636363636363637,22.0
accuracy,0.675,0.675,0.675,0.675
macro avg,0.7467532467532467,0.6439393939393939,0.6218181818181818,40.0
weighted avg,0.7357142857142857,0.675,0.636,40.0
