category,Linguistic Quality Ratio
anger,0.6475722858701582
fear,0.6594583670169766
joy,0.6044593769089799
love,0.6499094202898551
sadness,0.628193832599119
surprise,0.6732713303679742
